Subsystem	 Size 1 	 Size 1 Std. Err.	 Size 2 	 Size 2 Std. Err.	 Size 3 	 Size 3 Std. Err.	 Size 4 	 Size 4 Std. Err.	 Size 5 	 Size 5 Std. Err.	 Size 6 	 Size 6 Std. Err.	 Size 7 	 Size 7 Std. Err.	 Size 8 	 Size 8 Std. Err.	 Size 9 	 Size 9 Std. Err.	 Size 10 	 Size 10 Std. Err.
1	 0.940 	 0.005 	 1.68 	 0.02 	 2.28 	 0.03 	 2.40 	 0.04 	 2.76 	 0.06 	 2.46 	 0.08 	 2.4 	 0.1 	 2.1 	 0.1 	 1.6 	 0.1 	 0.5 	 0.1 
2	 0.938 	 0.004 	 1.81 	 0.01 	 2.36 	 0.02 	 3.03 	 0.04 	 2.85 	 0.06 	 3.2 	 0.1 	 2.5 	 0.1 	 2.3 	 0.1 	 1.4 	 0.1  	 	 
3	 0.928 	 0.005 	 1.878 	 0.009 	 2.60 	 0.02 	 3.02 	 0.05 	 3.17 	 0.07 	 3.4 	 0.1 	 2.4 	 0.1 	 2.2 	 0.1 	 1.2 	 0.1  	 	 
4	 0.999 	 0.002 	 1.894 	 0.009 	 2.59 	 0.02 	 3.17 	 0.04 	 3.13 	 0.07 	 2.97 	 0.09 	 2.4 	 0.1 	 2.3 	 0.1 	 1.4 	 0.1  	 	 
5	 0.992 	 0.002 	 1.912 	 0.009 	 2.62 	 0.02 	 3.04 	 0.05 	 2.84 	 0.06 	 2.93 	 0.09 	 3.2 	 0.2 	 2.0 	 0.1 	 1.4 	 0.1  	 	 
6	 0.995 	 0.002 	 1.916 	 0.008 	 2.56 	 0.02 	 2.96 	 0.04 	 2.76 	 0.06 	 3.1 	 0.1 	 3.2 	 0.2 	 1.8 	 0.1 	 1.5 	 0.1  	 	 
7	 0.994 	 0.002 	 1.85 	 0.01 	 2.43 	 0.03 	 2.85 	 0.05 	 3.08 	 0.08 	 3.2 	 0.1 	 3.0 	 0.1 	 2.8 	 0.2 	 1.3 	 0.1  	 	 
8	 0.956 	 0.004 	 1.84 	 0.01 	 2.43 	 0.03 	 2.94 	 0.04 	 3.56 	 0.09 	 3.1 	 0.1 	 3.3 	 0.2 	 2.4 	 0.2 	 1.6 	 0.1  	 	 
9	 0.957 	 0.004 	 1.78 	 0.01 	 2.18 	 0.03 	 3.06 	 0.04 	 3.48 	 0.08 	 2.85 	 0.09 	 2.8 	 0.1 	 2.4 	 0.1 	 1.3 	 0.1  	 	 
10	 0.958 	 0.004 	 1.73 	 0.01 	 2.70 	 0.02 	 3.22 	 0.05 	 3.55 	 0.08 	 3.5 	 0.1 	 2.5 	 0.1 	 2.1 	 0.1 	 1.2 	 0.1  	 	 
11 	 	 	 1.80 	 0.01 	 2.72 	 0.02 	 3.19 	 0.04 	 3.37 	 0.08 	 3.3 	 0.1 	 3.0 	 0.1 	 2.3 	 0.1  	 	  	 	 
12 	 	 	 1.901 	 0.009 	 2.77 	 0.02 	 2.96 	 0.04 	 3.49 	 0.08 	 3.2 	 0.1 	 3.1 	 0.1 	 2.5 	 0.2  	 	  	 	 
13 	 	 	 1.918 	 0.008 	 2.69 	 0.02 	 2.96 	 0.04 	 3.59 	 0.08 	 3.3 	 0.1 	 3.0 	 0.1 	 2.3 	 0.1  	 	  	 	 
14 	 	 	 1.899 	 0.009 	 2.67 	 0.02 	 3.06 	 0.05 	 3.38 	 0.08 	 3.1 	 0.1 	 3.1 	 0.1 	 2.4 	 0.2  	 	  	 	 
15 	 	 	 1.872 	 0.009 	 2.54 	 0.02 	 3.35 	 0.05 	 3.44 	 0.08 	 2.86 	 0.09 	 2.8 	 0.1 	 2.1 	 0.1  	 	  	 	 
16 	 	 	 1.77 	 0.01 	 2.61 	 0.02 	 3.24 	 0.05 	 3.37 	 0.08 	 3.0 	 0.1 	 2.7 	 0.1 	 2.4 	 0.2  	 	  	 	 
17 	 	 	 1.85 	 0.01 	 2.74 	 0.02 	 3.21 	 0.05 	 3.70 	 0.09 	 3.3 	 0.1 	 3.0 	 0.2 	 2.0 	 0.1  	 	  	 	 
18 	 	 	 1.59 	 0.02 	 2.82 	 0.02 	 3.16 	 0.05 	 3.41 	 0.08 	 3.1 	 0.1 	 3.0 	 0.1 	 2.0 	 0.1  	 	  	 	 
19 	 	 	 1.887 	 0.009 	 2.78 	 0.02 	 3.25 	 0.05 	 3.59 	 0.09 	 3.0 	 0.1 	 2.7 	 0.1 	 2.1 	 0.1  	 	  	 	 
20 	 	 	 1.86 	 0.01 	 2.69 	 0.02 	 3.37 	 0.05 	 3.21 	 0.08 	 3.5 	 0.1 	 2.7 	 0.1 	 2.4 	 0.2  	 	  	 	 
21 	 	 	 1.925 	 0.008 	 2.59 	 0.02 	 3.16 	 0.05 	 3.19 	 0.07 	 4.0 	 0.2 	 2.7 	 0.1 	 2.2 	 0.1  	 	  	 	 
22 	 	 	 1.85 	 0.01 	 2.49 	 0.02 	 3.11 	 0.05 	 3.13 	 0.07 	 3.5 	 0.1 	 3.1 	 0.1 	 2.3 	 0.1  	 	  	 	 
23 	 	 	 1.867 	 0.009 	 2.82 	 0.02 	 3.05 	 0.05 	 3.51 	 0.08 	 3.6 	 0.1 	 2.8 	 0.1 	 2.4 	 0.1  	 	  	 	 
24 	 	 	 1.853 	 0.009 	 2.72 	 0.02 	 3.28 	 0.04 	 3.62 	 0.08 	 3.2 	 0.1 	 3.0 	 0.1 	 2.1 	 0.1  	 	  	 	 
25 	 	 	 1.83 	 0.01 	 2.71 	 0.02 	 3.12 	 0.05 	 3.31 	 0.07 	 3.3 	 0.1 	 2.9 	 0.1 	 2.5 	 0.2  	 	  	 	 
26 	 	 	 1.947 	 0.008 	 2.59 	 0.02 	 3.18 	 0.05 	 3.37 	 0.07 	 3.5 	 0.1 	 2.8 	 0.1 	 2.4 	 0.2  	 	  	 	 
27 	 	 	 1.971 	 0.007 	 2.69 	 0.02 	 3.06 	 0.05 	 3.48 	 0.08 	 3.4 	 0.1 	 3.3 	 0.2 	 2.5 	 0.2  	 	  	 	 
28 	 	 	 1.954 	 0.007 	 2.80 	 0.02 	 2.88 	 0.04 	 3.61 	 0.09 	 3.5 	 0.1 	 3.0 	 0.1 	 2.1 	 0.1  	 	  	 	 
29 	 	 	 1.92 	 0.01 	 2.73 	 0.02 	 2.75 	 0.04 	 3.47 	 0.08 	 3.7 	 0.1 	 3.1 	 0.2 	 2.2 	 0.1  	 	  	 	 
30 	 	 	 1.931 	 0.008 	 2.63 	 0.02 	 2.89 	 0.04 	 3.42 	 0.08 	 3.5 	 0.1 	 2.9 	 0.1 	 2.0 	 0.1  	 	  	 	 
31 	 	 	 1.64 	 0.02 	 2.45 	 0.02 	 3.10 	 0.05 	 3.53 	 0.08 	 3.5 	 0.1 	 3.0 	 0.1 	 2.2 	 0.1  	 	  	 	 
32 	 	 	 1.934 	 0.009 	 2.70 	 0.02 	 3.05 	 0.04 	 3.55 	 0.08 	 3.5 	 0.1 	 3.1 	 0.1 	 2.2 	 0.1  	 	  	 	 
33 	 	 	 1.89 	 0.01 	 2.59 	 0.02 	 2.90 	 0.04 	 3.46 	 0.08 	 3.1 	 0.1 	 2.8 	 0.1 	 2.5 	 0.2  	 	  	 	 
34 	 	 	 1.935 	 0.007 	 2.65 	 0.02 	 2.81 	 0.04 	 3.59 	 0.08 	 3.3 	 0.1 	 3.0 	 0.1 	 2.2 	 0.1  	 	  	 	 
35 	 	 	 1.936 	 0.007 	 2.51 	 0.02 	 3.11 	 0.04 	 3.55 	 0.08 	 3.1 	 0.1 	 2.6 	 0.1 	 2.0 	 0.1  	 	  	 	 
36 	 	 	 1.80 	 0.01 	 2.42 	 0.03 	 3.54 	 0.05 	 3.13 	 0.07 	 3.1 	 0.1 	 3.0 	 0.1 	 2.3 	 0.1  	 	  	 	 
37 	 	 	 1.917 	 0.008 	 2.19 	 0.03 	 3.40 	 0.05 	 3.35 	 0.08 	 3.4 	 0.1 	 2.9 	 0.1 	 2.1 	 0.1  	 	  	 	 
38 	 	 	 1.926 	 0.009 	 2.59 	 0.02 	 3.36 	 0.05 	 3.42 	 0.09 	 3.2 	 0.1 	 3.0 	 0.1 	 2.2 	 0.1  	 	  	 	 
39 	 	 	 1.89 	 0.01 	 2.59 	 0.02 	 3.28 	 0.04 	 3.36 	 0.08 	 3.2 	 0.1 	 3.2 	 0.2 	 2.3 	 0.1  	 	  	 	 
40 	 	 	 1.60 	 0.02 	 2.67 	 0.02 	 3.37 	 0.05 	 3.31 	 0.07 	 3.3 	 0.1 	 3.0 	 0.1 	 2.2 	 0.1  	 	  	 	 
41 	 	 	 1.84 	 0.01 	 2.59 	 0.03 	 3.54 	 0.05 	 3.46 	 0.08 	 3.5 	 0.1 	 2.9 	 0.1 	 2.0 	 0.1  	 	  	 	 
42 	 	 	 1.906 	 0.009 	 2.53 	 0.02 	 3.33 	 0.05 	 3.74 	 0.09 	 3.6 	 0.1 	 3.0 	 0.1 	 2.4 	 0.1  	 	  	 	 
43 	 	 	 1.84 	 0.01 	 2.60 	 0.02 	 3.27 	 0.05 	 3.67 	 0.09 	 3.7 	 0.1 	 2.9 	 0.1 	 2.3 	 0.1  	 	  	 	 
44 	 	 	 1.81 	 0.01 	 2.46 	 0.03 	 3.24 	 0.05 	 3.57 	 0.09 	 3.5 	 0.1 	 3.0 	 0.1 	 2.1 	 0.1  	 	  	 	 
45 	 	 	 1.75 	 0.01 	 2.63 	 0.02 	 3.47 	 0.05 	 3.43 	 0.08 	 3.2 	 0.1 	 3.1 	 0.1 	 2.0 	 0.1  	 	  	 	 
46 	 	  	 	 	 2.72 	 0.02 	 3.23 	 0.04 	 3.28 	 0.08 	 3.6 	 0.1 	 3.3 	 0.2  	 	  	 	  	 	 
47 	 	  	 	 	 2.72 	 0.02 	 3.38 	 0.05 	 3.47 	 0.08 	 3.6 	 0.1 	 3.2 	 0.2  	 	  	 	  	 	 
48 	 	  	 	 	 2.56 	 0.02 	 3.08 	 0.05 	 3.64 	 0.08 	 3.3 	 0.1 	 2.9 	 0.1  	 	  	 	  	 	 
49 	 	  	 	 	 2.68 	 0.02 	 3.09 	 0.04 	 3.41 	 0.08 	 3.7 	 0.1 	 3.1 	 0.1  	 	  	 	  	 	 
50 	 	  	 	 	 2.51 	 0.02 	 3.04 	 0.04 	 3.66 	 0.09 	 3.5 	 0.1 	 2.8 	 0.1  	 	  	 	  	 	 
51 	 	  	 	 	 2.75 	 0.02 	 3.43 	 0.05 	 3.54 	 0.08 	 3.4 	 0.1 	 3.0 	 0.1  	 	  	 	  	 	 
52 	 	  	 	 	 2.74 	 0.02 	 3.37 	 0.05 	 3.31 	 0.07 	 3.5 	 0.1 	 2.7 	 0.1  	 	  	 	  	 	 
53 	 	  	 	 	 2.67 	 0.02 	 3.31 	 0.05 	 3.25 	 0.08 	 3.4 	 0.1 	 2.7 	 0.1  	 	  	 	  	 	 
54 	 	  	 	 	 2.77 	 0.02 	 3.19 	 0.05 	 3.17 	 0.07 	 3.2 	 0.1 	 2.9 	 0.1  	 	  	 	  	 	 
55 	 	  	 	 	 2.68 	 0.02 	 3.38 	 0.04 	 3.27 	 0.08 	 3.2 	 0.1 	 2.8 	 0.1  	 	  	 	  	 	 
56 	 	  	 	 	 2.80 	 0.02 	 3.54 	 0.05 	 3.07 	 0.07 	 3.2 	 0.1 	 2.5 	 0.1  	 	  	 	  	 	 
57 	 	  	 	 	 2.67 	 0.02 	 3.43 	 0.05 	 2.74 	 0.06 	 3.4 	 0.1 	 2.9 	 0.1  	 	  	 	  	 	 
58 	 	  	 	 	 2.73 	 0.02 	 3.35 	 0.05 	 3.48 	 0.08 	 3.2 	 0.1 	 3.2 	 0.2  	 	  	 	  	 	 
59 	 	  	 	 	 2.45 	 0.03 	 3.30 	 0.05 	 3.56 	 0.08 	 3.5 	 0.1 	 2.8 	 0.1  	 	  	 	  	 	 
60 	 	  	 	 	 2.63 	 0.02 	 3.44 	 0.05 	 3.27 	 0.07 	 3.2 	 0.1 	 2.8 	 0.1  	 	  	 	  	 	 
61 	 	  	 	 	 2.72 	 0.02 	 3.35 	 0.05 	 3.15 	 0.07 	 3.2 	 0.1 	 2.7 	 0.1  	 	  	 	  	 	 
62 	 	  	 	 	 2.60 	 0.02 	 3.39 	 0.05 	 3.37 	 0.08 	 3.3 	 0.1 	 2.7 	 0.1  	 	  	 	  	 	 
63 	 	  	 	 	 2.65 	 0.02 	 3.32 	 0.04 	 3.56 	 0.09 	 3.3 	 0.1 	 3.2 	 0.2  	 	  	 	  	 	 
64 	 	  	 	 	 2.49 	 0.03 	 3.12 	 0.05 	 3.43 	 0.07 	 3.3 	 0.1 	 3.0 	 0.1  	 	  	 	  	 	 
65 	 	  	 	 	 2.36 	 0.02 	 3.14 	 0.04 	 3.30 	 0.08 	 3.2 	 0.1 	 3.2 	 0.2  	 	  	 	  	 	 
66 	 	  	 	 	 2.41 	 0.02 	 3.18 	 0.05 	 3.55 	 0.08 	 3.3 	 0.1 	 3.1 	 0.1  	 	  	 	  	 	 
67 	 	  	 	 	 2.55 	 0.02 	 3.23 	 0.05 	 3.55 	 0.09 	 3.3 	 0.1 	 3.0 	 0.1  	 	  	 	  	 	 
68 	 	  	 	 	 2.50 	 0.02 	 3.01 	 0.04 	 3.45 	 0.08 	 3.1 	 0.1 	 2.9 	 0.1  	 	  	 	  	 	 
69 	 	  	 	 	 2.44 	 0.03 	 3.12 	 0.04 	 3.54 	 0.08 	 3.2 	 0.1 	 3.1 	 0.1  	 	  	 	  	 	 
70 	 	  	 	 	 2.45 	 0.03 	 3.43 	 0.05 	 3.37 	 0.07 	 2.79 	 0.09 	 3.1 	 0.2  	 	  	 	  	 	 
71 	 	  	 	 	 2.36 	 0.03 	 3.32 	 0.05 	 3.16 	 0.08 	 3.00 	 0.09 	 3.0 	 0.1  	 	  	 	  	 	 
72 	 	  	 	 	 2.81 	 0.02 	 3.35 	 0.05 	 3.47 	 0.08 	 3.1 	 0.1 	 3.1 	 0.2  	 	  	 	  	 	 
73 	 	  	 	 	 2.75 	 0.02 	 3.15 	 0.05 	 3.61 	 0.09 	 3.1 	 0.1 	 2.6 	 0.1  	 	  	 	  	 	 
74 	 	  	 	 	 2.76 	 0.02 	 3.08 	 0.04 	 3.46 	 0.08 	 2.84 	 0.09 	 2.8 	 0.1  	 	  	 	  	 	 
75 	 	  	 	 	 2.81 	 0.02 	 3.14 	 0.04 	 3.42 	 0.07 	 3.4 	 0.1 	 3.1 	 0.1  	 	  	 	  	 	 
76 	 	  	 	 	 2.65 	 0.02 	 3.31 	 0.04 	 3.66 	 0.09 	 3.6 	 0.1 	 3.0 	 0.1  	 	  	 	  	 	 
77 	 	  	 	 	 2.73 	 0.02 	 3.20 	 0.04 	 4.0 	 0.1 	 3.5 	 0.1 	 2.7 	 0.1  	 	  	 	  	 	 
78 	 	  	 	 	 2.75 	 0.02 	 3.39 	 0.05 	 3.7 	 0.1 	 3.7 	 0.1 	 2.8 	 0.1  	 	  	 	  	 	 
79 	 	  	 	 	 2.70 	 0.02 	 3.32 	 0.05 	 3.68 	 0.09 	 3.5 	 0.1 	 2.8 	 0.1  	 	  	 	  	 	 
80 	 	  	 	 	 2.46 	 0.03 	 3.10 	 0.05 	 3.57 	 0.09 	 3.2 	 0.1 	 2.9 	 0.1  	 	  	 	  	 	 
81 	 	  	 	 	 2.75 	 0.02 	 2.99 	 0.04 	 3.61 	 0.08 	 3.5 	 0.1 	 2.9 	 0.1  	 	  	 	  	 	 
82 	 	  	 	 	 2.78 	 0.02 	 2.78 	 0.04 	 3.76 	 0.09 	 3.7 	 0.1 	 3.0 	 0.1  	 	  	 	  	 	 
83 	 	  	 	 	 2.66 	 0.02 	 2.95 	 0.04 	 3.68 	 0.09 	 3.4 	 0.1 	 2.9 	 0.1  	 	  	 	  	 	 
84 	 	  	 	 	 2.68 	 0.02 	 2.85 	 0.04 	 3.48 	 0.09 	 3.5 	 0.1 	 2.5 	 0.1  	 	  	 	  	 	 
85 	 	  	 	 	 2.61 	 0.02 	 2.68 	 0.04 	 3.8 	 0.1 	 3.4 	 0.1 	 2.7 	 0.1  	 	  	 	  	 	 
86 	 	  	 	 	 2.41 	 0.03 	 2.80 	 0.04 	 3.57 	 0.09 	 3.4 	 0.1 	 2.6 	 0.1  	 	  	 	  	 	 
87 	 	  	 	 	 2.66 	 0.02 	 3.01 	 0.05 	 3.53 	 0.08 	 3.5 	 0.1 	 2.9 	 0.1  	 	  	 	  	 	 
88 	 	  	 	 	 2.66 	 0.02 	 3.03 	 0.04 	 3.58 	 0.09 	 3.4 	 0.1 	 2.9 	 0.1  	 	  	 	  	 	 
89 	 	  	 	 	 2.72 	 0.02 	 2.75 	 0.04 	 3.20 	 0.07 	 3.4 	 0.1 	 2.9 	 0.1  	 	  	 	  	 	 
90 	 	  	 	 	 2.76 	 0.02 	 2.99 	 0.04 	 3.51 	 0.07 	 3.2 	 0.1 	 2.6 	 0.1  	 	  	 	  	 	 
91 	 	  	 	 	 2.65 	 0.02 	 2.92 	 0.04 	 3.34 	 0.08 	 3.4 	 0.1 	 3.0 	 0.1  	 	  	 	  	 	 
92 	 	  	 	 	 2.85 	 0.02 	 3.41 	 0.05 	 3.43 	 0.07 	 3.6 	 0.1 	 3.1 	 0.2  	 	  	 	  	 	 
93 	 	  	 	 	 2.76 	 0.02 	 3.37 	 0.05 	 3.54 	 0.09 	 3.2 	 0.1 	 2.9 	 0.1  	 	  	 	  	 	 
94 	 	  	 	 	 2.83 	 0.02 	 3.27 	 0.05 	 3.41 	 0.08 	 3.5 	 0.1 	 2.6 	 0.1  	 	  	 	  	 	 
95 	 	  	 	 	 2.58 	 0.02 	 3.23 	 0.05 	 3.31 	 0.08 	 3.4 	 0.1 	 2.9 	 0.1  	 	  	 	  	 	 
96 	 	  	 	 	 2.77 	 0.02 	 3.28 	 0.05 	 3.48 	 0.08 	 3.4 	 0.1 	 3.2 	 0.2  	 	  	 	  	 	 
97 	 	  	 	 	 2.86 	 0.02 	 3.37 	 0.05 	 3.76 	 0.09 	 3.7 	 0.1 	 3.0 	 0.1  	 	  	 	  	 	 
98 	 	  	 	 	 2.74 	 0.02 	 3.26 	 0.04 	 3.8 	 0.1 	 3.4 	 0.1 	 3.0 	 0.1  	 	  	 	  	 	 
99 	 	  	 	 	 2.76 	 0.02 	 3.37 	 0.05 	 3.71 	 0.09 	 3.7 	 0.1 	 2.7 	 0.1  	 	  	 	  	 	 
100 	 	  	 	 	 2.68 	 0.02 	 3.05 	 0.05 	 3.70 	 0.08 	 3.4 	 0.1 	 2.8 	 0.1  	 	  	 	  	 	 
101 	 	  	 	 	 2.38 	 0.02 	 3.37 	 0.05 	 3.49 	 0.08 	 3.4 	 0.1 	 2.8 	 0.1  	 	  	 	  	 	 
102 	 	  	 	 	 2.38 	 0.03 	 3.46 	 0.05 	 3.70 	 0.09 	 3.3 	 0.1 	 3.0 	 0.1  	 	  	 	  	 	 
103 	 	  	 	 	 2.53 	 0.02 	 3.19 	 0.05 	 3.87 	 0.09 	 3.5 	 0.1 	 3.2 	 0.1  	 	  	 	  	 	 
104 	 	  	 	 	 2.50 	 0.02 	 3.36 	 0.04 	 3.59 	 0.08 	 3.5 	 0.1 	 3.1 	 0.1  	 	  	 	  	 	 
105 	 	  	 	 	 2.40 	 0.02 	 3.17 	 0.05 	 3.7 	 0.1 	 3.2 	 0.1 	 3.0 	 0.1  	 	  	 	  	 	 
106 	 	  	 	 	 2.66 	 0.02 	 2.89 	 0.04 	 3.7 	 0.1 	 3.4 	 0.1 	 2.7 	 0.1  	 	  	 	  	 	 
107 	 	  	 	 	 2.78 	 0.02 	 3.18 	 0.04 	 3.69 	 0.09 	 3.6 	 0.1 	 2.8 	 0.1  	 	  	 	  	 	 
108 	 	  	 	 	 2.72 	 0.02 	 3.22 	 0.05 	 3.54 	 0.09 	 3.3 	 0.1 	 2.9 	 0.1  	 	  	 	  	 	 
109 	 	  	 	 	 2.69 	 0.02 	 3.11 	 0.04 	 3.55 	 0.08 	 3.2 	 0.1 	 3.0 	 0.1  	 	  	 	  	 	 
110 	 	  	 	 	 2.64 	 0.02 	 3.26 	 0.05 	 3.48 	 0.08 	 3.4 	 0.1 	 2.9 	 0.1  	 	  	 	  	 	 
111 	 	  	 	 	 2.35 	 0.02 	 3.28 	 0.04 	 3.36 	 0.08 	 3.2 	 0.1 	 3.0 	 0.1  	 	  	 	  	 	 
112 	 	  	 	 	 2.50 	 0.02 	 3.39 	 0.05 	 3.21 	 0.07 	 3.3 	 0.1 	 2.6 	 0.1  	 	  	 	  	 	 
113 	 	  	 	 	 2.63 	 0.02 	 3.25 	 0.04 	 3.54 	 0.08 	 3.5 	 0.1 	 2.5 	 0.1  	 	  	 	  	 	 
114 	 	  	 	 	 2.72 	 0.02 	 3.37 	 0.04 	 3.24 	 0.08 	 3.5 	 0.1 	 2.6 	 0.1  	 	  	 	  	 	 
115 	 	  	 	 	 2.70 	 0.02 	 3.20 	 0.05 	 3.58 	 0.09 	 3.6 	 0.1 	 2.8 	 0.1  	 	  	 	  	 	 
116 	 	  	 	 	 2.59 	 0.02 	 3.33 	 0.04 	 3.42 	 0.08 	 3.4 	 0.1 	 3.0 	 0.1  	 	  	 	  	 	 
117 	 	  	 	 	 2.29 	 0.03 	 3.48 	 0.05 	 3.33 	 0.07 	 3.5 	 0.1 	 2.9 	 0.1  	 	  	 	  	 	 
118 	 	  	 	 	 2.22 	 0.03 	 3.32 	 0.05 	 3.45 	 0.07 	 3.5 	 0.1 	 3.0 	 0.1  	 	  	 	  	 	 
119 	 	  	 	 	 2.48 	 0.02 	 3.45 	 0.04 	 3.23 	 0.07 	 3.6 	 0.1 	 2.5 	 0.1  	 	  	 	  	 	 
120 	 	  	 	 	 2.34 	 0.03 	 3.21 	 0.04 	 3.33 	 0.08 	 3.2 	 0.1 	 2.5 	 0.1  	 	  	 	  	 	 
121 	 	  	 	  	 	 	 3.05 	 0.05 	 3.31 	 0.07 	 3.2 	 0.1  	 	  	 	  	 	  	 	 
122 	 	  	 	  	 	 	 3.11 	 0.05 	 3.17 	 0.07 	 2.93 	 0.09  	 	  	 	  	 	  	 	 
123 	 	  	 	  	 	 	 3.19 	 0.05 	 3.21 	 0.07 	 3.1 	 0.1  	 	  	 	  	 	  	 	 
124 	 	  	 	  	 	 	 3.26 	 0.04 	 3.29 	 0.07 	 3.4 	 0.1  	 	  	 	  	 	  	 	 
125 	 	  	 	  	 	 	 3.10 	 0.04 	 3.42 	 0.08 	 2.90 	 0.09  	 	  	 	  	 	  	 	 
126 	 	  	 	  	 	 	 3.33 	 0.05 	 2.75 	 0.06 	 2.81 	 0.09  	 	  	 	  	 	  	 	 
127 	 	  	 	  	 	 	 3.45 	 0.05 	 2.71 	 0.06 	 2.96 	 0.09  	 	  	 	  	 	  	 	 
128 	 	  	 	  	 	 	 3.35 	 0.05 	 3.40 	 0.08 	 3.0 	 0.1  	 	  	 	  	 	  	 	 
129 	 	  	 	  	 	 	 3.36 	 0.05 	 3.33 	 0.07 	 2.81 	 0.09  	 	  	 	  	 	  	 	 
130 	 	  	 	  	 	 	 3.21 	 0.05 	 3.03 	 0.07 	 3.1 	 0.1  	 	  	 	  	 	  	 	 
131 	 	  	 	  	 	 	 3.10 	 0.05 	 3.17 	 0.07 	 3.3 	 0.1  	 	  	 	  	 	  	 	 
132 	 	  	 	  	 	 	 3.13 	 0.05 	 3.27 	 0.07 	 3.4 	 0.1  	 	  	 	  	 	  	 	 
133 	 	  	 	  	 	 	 3.38 	 0.04 	 3.44 	 0.08 	 3.5 	 0.1  	 	  	 	  	 	  	 	 
134 	 	  	 	  	 	 	 3.33 	 0.05 	 3.22 	 0.08 	 3.4 	 0.1  	 	  	 	  	 	  	 	 
135 	 	  	 	  	 	 	 3.36 	 0.05 	 3.43 	 0.08 	 3.3 	 0.1  	 	  	 	  	 	  	 	 
136 	 	  	 	  	 	 	 3.18 	 0.05 	 3.39 	 0.08 	 3.1 	 0.1  	 	  	 	  	 	  	 	 
137 	 	  	 	  	 	 	 2.92 	 0.04 	 3.38 	 0.08 	 3.4 	 0.1  	 	  	 	  	 	  	 	 
138 	 	  	 	  	 	 	 2.89 	 0.04 	 3.52 	 0.09 	 3.4 	 0.1  	 	  	 	  	 	  	 	 
139 	 	  	 	  	 	 	 3.15 	 0.04 	 3.28 	 0.08 	 3.6 	 0.1  	 	  	 	  	 	  	 	 
140 	 	  	 	  	 	 	 2.95 	 0.04 	 3.63 	 0.08 	 3.4 	 0.1  	 	  	 	  	 	  	 	 
141 	 	  	 	  	 	 	 2.66 	 0.05 	 3.22 	 0.07 	 3.6 	 0.1  	 	  	 	  	 	  	 	 
142 	 	  	 	  	 	 	 3.14 	 0.04 	 3.34 	 0.07 	 3.2 	 0.1  	 	  	 	  	 	  	 	 
143 	 	  	 	  	 	 	 3.13 	 0.04 	 3.46 	 0.08 	 3.1 	 0.1  	 	  	 	  	 	  	 	 
144 	 	  	 	  	 	 	 3.06 	 0.05 	 3.43 	 0.08 	 3.5 	 0.1  	 	  	 	  	 	  	 	 
145 	 	  	 	  	 	 	 3.13 	 0.04 	 3.47 	 0.08 	 3.2 	 0.1  	 	  	 	  	 	  	 	 
146 	 	  	 	  	 	 	 2.98 	 0.05 	 3.62 	 0.08 	 3.4 	 0.1  	 	  	 	  	 	  	 	 
147 	 	  	 	  	 	 	 3.20 	 0.04 	 3.8 	 0.1 	 3.2 	 0.1  	 	  	 	  	 	  	 	 
148 	 	  	 	  	 	 	 3.16 	 0.04 	 3.84 	 0.09 	 3.5 	 0.1  	 	  	 	  	 	  	 	 
149 	 	  	 	  	 	 	 3.21 	 0.04 	 3.74 	 0.09 	 3.5 	 0.1  	 	  	 	  	 	  	 	 
150 	 	  	 	  	 	 	 3.08 	 0.04 	 3.69 	 0.09 	 3.6 	 0.1  	 	  	 	  	 	  	 	 
151 	 	  	 	  	 	 	 3.24 	 0.05 	 3.51 	 0.08 	 3.5 	 0.1  	 	  	 	  	 	  	 	 
152 	 	  	 	  	 	 	 3.27 	 0.05 	 3.51 	 0.08 	 3.4 	 0.1  	 	  	 	  	 	  	 	 
153 	 	  	 	  	 	 	 3.16 	 0.04 	 3.65 	 0.09 	 3.5 	 0.1  	 	  	 	  	 	  	 	 
154 	 	  	 	  	 	 	 3.20 	 0.04 	 3.9 	 0.1 	 3.6 	 0.1  	 	  	 	  	 	  	 	 
155 	 	  	 	  	 	 	 3.07 	 0.04 	 3.62 	 0.09 	 3.6 	 0.1  	 	  	 	  	 	  	 	 
156 	 	  	 	  	 	 	 3.03 	 0.04 	 3.8 	 0.1 	 3.5 	 0.1  	 	  	 	  	 	  	 	 
157 	 	  	 	  	 	 	 3.03 	 0.04 	 3.53 	 0.09 	 3.3 	 0.1  	 	  	 	  	 	  	 	 
158 	 	  	 	  	 	 	 3.09 	 0.04 	 3.34 	 0.08 	 3.6 	 0.1  	 	  	 	  	 	  	 	 
159 	 	  	 	  	 	 	 3.17 	 0.04 	 3.39 	 0.08 	 3.4 	 0.1  	 	  	 	  	 	  	 	 
160 	 	  	 	  	 	 	 3.16 	 0.04 	 3.58 	 0.09 	 3.5 	 0.1  	 	  	 	  	 	  	 	 
161 	 	  	 	  	 	 	 3.48 	 0.05 	 3.42 	 0.08 	 3.1 	 0.1  	 	  	 	  	 	  	 	 
162 	 	  	 	  	 	 	 3.56 	 0.05 	 3.24 	 0.07 	 3.3 	 0.1  	 	  	 	  	 	  	 	 
163 	 	  	 	  	 	 	 3.42 	 0.05 	 3.42 	 0.07 	 3.0 	 0.1  	 	  	 	  	 	  	 	 
164 	 	  	 	  	 	 	 3.53 	 0.05 	 3.18 	 0.07 	 3.3 	 0.1  	 	  	 	  	 	  	 	 
165 	 	  	 	  	 	 	 3.38 	 0.04 	 3.45 	 0.08 	 3.3 	 0.1  	 	  	 	  	 	  	 	 
166 	 	  	 	  	 	 	 3.08 	 0.04 	 3.31 	 0.08 	 3.6 	 0.1  	 	  	 	  	 	  	 	 
167 	 	  	 	  	 	 	 3.27 	 0.04 	 3.58 	 0.08 	 3.3 	 0.1  	 	  	 	  	 	  	 	 
168 	 	  	 	  	 	 	 3.32 	 0.05 	 3.67 	 0.09 	 3.5 	 0.1  	 	  	 	  	 	  	 	 
169 	 	  	 	  	 	 	 3.43 	 0.05 	 3.67 	 0.09 	 3.4 	 0.1  	 	  	 	  	 	  	 	 
170 	 	  	 	  	 	 	 3.42 	 0.05 	 3.78 	 0.09 	 3.5 	 0.1  	 	  	 	  	 	  	 	 
171 	 	  	 	  	 	 	 3.27 	 0.05 	 3.64 	 0.09 	 3.6 	 0.1  	 	  	 	  	 	  	 	 
172 	 	  	 	  	 	 	 3.00 	 0.05 	 3.71 	 0.08 	 3.4 	 0.1  	 	  	 	  	 	  	 	 
173 	 	  	 	  	 	 	 2.99 	 0.04 	 3.51 	 0.08 	 3.8 	 0.2  	 	  	 	  	 	  	 	 
174 	 	  	 	  	 	 	 3.29 	 0.04 	 3.76 	 0.09 	 3.5 	 0.1  	 	  	 	  	 	  	 	 
175 	 	  	 	  	 	 	 3.11 	 0.04 	 3.73 	 0.09 	 3.7 	 0.1  	 	  	 	  	 	  	 	 
176 	 	  	 	  	 	 	 2.94 	 0.04 	 4.0 	 0.1 	 3.3 	 0.1  	 	  	 	  	 	  	 	 
177 	 	  	 	  	 	 	 3.12 	 0.04 	 3.59 	 0.08 	 3.06 	 0.09  	 	  	 	  	 	  	 	 
178 	 	  	 	  	 	 	 2.99 	 0.04 	 3.55 	 0.08 	 3.0 	 0.1  	 	  	 	  	 	  	 	 
179 	 	  	 	  	 	 	 3.12 	 0.05 	 3.59 	 0.08 	 3.1 	 0.1  	 	  	 	  	 	  	 	 
180 	 	  	 	  	 	 	 2.96 	 0.05 	 3.58 	 0.09 	 3.4 	 0.1  	 	  	 	  	 	  	 	 
181 	 	  	 	  	 	 	 3.32 	 0.05 	 3.66 	 0.09 	 3.2 	 0.1  	 	  	 	  	 	  	 	 
182 	 	  	 	  	 	 	 3.46 	 0.05 	 3.15 	 0.07 	 2.93 	 0.09  	 	  	 	  	 	  	 	 
183 	 	  	 	  	 	 	 3.37 	 0.05 	 3.25 	 0.07 	 3.0 	 0.1  	 	  	 	  	 	  	 	 
184 	 	  	 	  	 	 	 3.42 	 0.05 	 3.45 	 0.08 	 3.1 	 0.1  	 	  	 	  	 	  	 	 
185 	 	  	 	  	 	 	 3.36 	 0.05 	 3.55 	 0.09 	 3.2 	 0.1  	 	  	 	  	 	  	 	 
186 	 	  	 	  	 	 	 3.20 	 0.04 	 3.40 	 0.08 	 3.3 	 0.1  	 	  	 	  	 	  	 	 
187 	 	  	 	  	 	 	 3.19 	 0.04 	 3.45 	 0.09 	 3.3 	 0.1  	 	  	 	  	 	  	 	 
188 	 	  	 	  	 	 	 3.37 	 0.05 	 3.40 	 0.07 	 3.1 	 0.1  	 	  	 	  	 	  	 	 
189 	 	  	 	  	 	 	 3.49 	 0.05 	 3.41 	 0.08 	 3.2 	 0.1  	 	  	 	  	 	  	 	 
190 	 	  	 	  	 	 	 3.61 	 0.05 	 3.46 	 0.08 	 3.3 	 0.1  	 	  	 	  	 	  	 	 
191 	 	  	 	  	 	 	 3.36 	 0.05 	 3.43 	 0.09 	 3.6 	 0.1  	 	  	 	  	 	  	 	 
192 	 	  	 	  	 	 	 3.14 	 0.04 	 3.13 	 0.07 	 3.5 	 0.1  	 	  	 	  	 	  	 	 
193 	 	  	 	  	 	 	 3.10 	 0.04 	 3.31 	 0.07 	 3.2 	 0.1  	 	  	 	  	 	  	 	 
194 	 	  	 	  	 	 	 3.38 	 0.05 	 3.39 	 0.07 	 3.4 	 0.1  	 	  	 	  	 	  	 	 
195 	 	  	 	  	 	 	 3.18 	 0.04 	 3.43 	 0.08 	 3.4 	 0.1  	 	  	 	  	 	  	 	 
196 	 	  	 	  	 	 	 2.70 	 0.04 	 2.92 	 0.06 	 3.5 	 0.1  	 	  	 	  	 	  	 	 
197 	 	  	 	  	 	 	 2.90 	 0.04 	 3.08 	 0.07 	 3.2 	 0.1  	 	  	 	  	 	  	 	 
198 	 	  	 	  	 	 	 3.00 	 0.05 	 3.16 	 0.07 	 2.92 	 0.09  	 	  	 	  	 	  	 	 
199 	 	  	 	  	 	 	 3.07 	 0.04 	 3.09 	 0.07 	 2.9 	 0.1  	 	  	 	  	 	  	 	 
200 	 	  	 	  	 	 	 3.02 	 0.04 	 3.17 	 0.07 	 3.2 	 0.1  	 	  	 	  	 	  	 	 
201 	 	  	 	  	 	 	 3.07 	 0.05 	 3.18 	 0.08 	 3.4 	 0.1  	 	  	 	  	 	  	 	 
202 	 	  	 	  	 	 	 2.85 	 0.04 	 3.59 	 0.09 	 3.2 	 0.1  	 	  	 	  	 	  	 	 
203 	 	  	 	  	 	 	 2.90 	 0.04 	 3.58 	 0.09 	 3.1 	 0.1  	 	  	 	  	 	  	 	 
204 	 	  	 	  	 	 	 3.13 	 0.04 	 3.53 	 0.08 	 3.0 	 0.1  	 	  	 	  	 	  	 	 
205 	 	  	 	  	 	 	 3.05 	 0.04 	 3.70 	 0.09 	 3.0 	 0.1  	 	  	 	  	 	  	 	 
206 	 	  	 	  	 	 	 2.68 	 0.04 	 3.46 	 0.08 	 3.0 	 0.1  	 	  	 	  	 	  	 	 
207 	 	  	 	  	 	 	 2.79 	 0.04 	 3.33 	 0.07 	 3.3 	 0.1  	 	  	 	  	 	  	 	 
208 	 	  	 	  	 	 	 3.00 	 0.04 	 3.33 	 0.08 	 3.3 	 0.1  	 	  	 	  	 	  	 	 
209 	 	  	 	  	 	 	 3.05 	 0.04 	 3.55 	 0.08 	 3.2 	 0.1  	 	  	 	  	 	  	 	 
210 	 	  	 	  	 	 	 2.49 	 0.04 	 3.65 	 0.09 	 2.58 	 0.07  	 	  	 	  	 	  	 	 
211 	 	  	 	  	 	  	 	 	 3.77 	 0.09  	 	  	 	  	 	  	 	  	 	 
212 	 	  	 	  	 	  	 	 	 3.51 	 0.08  	 	  	 	  	 	  	 	  	 	 
213 	 	  	 	  	 	  	 	 	 3.40 	 0.08  	 	  	 	  	 	  	 	  	 	 
214 	 	  	 	  	 	  	 	 	 3.36 	 0.08  	 	  	 	  	 	  	 	  	 	 
215 	 	  	 	  	 	  	 	 	 3.50 	 0.09  	 	  	 	  	 	  	 	  	 	 
216 	 	  	 	  	 	  	 	 	 3.40 	 0.08  	 	  	 	  	 	  	 	  	 	 
217 	 	  	 	  	 	  	 	 	 3.14 	 0.07  	 	  	 	  	 	  	 	  	 	 
218 	 	  	 	  	 	  	 	 	 3.37 	 0.08  	 	  	 	  	 	  	 	  	 	 
219 	 	  	 	  	 	  	 	 	 3.48 	 0.08  	 	  	 	  	 	  	 	  	 	 
220 	 	  	 	  	 	  	 	 	 3.50 	 0.08  	 	  	 	  	 	  	 	  	 	 
221 	 	  	 	  	 	  	 	 	 3.53 	 0.08  	 	  	 	  	 	  	 	  	 	 
222 	 	  	 	  	 	  	 	 	 3.49 	 0.08  	 	  	 	  	 	  	 	  	 	 
223 	 	  	 	  	 	  	 	 	 3.40 	 0.07  	 	  	 	  	 	  	 	  	 	 
224 	 	  	 	  	 	  	 	 	 3.48 	 0.08  	 	  	 	  	 	  	 	  	 	 
225 	 	  	 	  	 	  	 	 	 3.74 	 0.09  	 	  	 	  	 	  	 	  	 	 
226 	 	  	 	  	 	  	 	 	 3.55 	 0.08  	 	  	 	  	 	  	 	  	 	 
227 	 	  	 	  	 	  	 	 	 3.20 	 0.07  	 	  	 	  	 	  	 	  	 	 
228 	 	  	 	  	 	  	 	 	 3.35 	 0.07  	 	  	 	  	 	  	 	  	 	 
229 	 	  	 	  	 	  	 	 	 3.52 	 0.08  	 	  	 	  	 	  	 	  	 	 
230 	 	  	 	  	 	  	 	 	 3.58 	 0.08  	 	  	 	  	 	  	 	  	 	 
231 	 	  	 	  	 	  	 	 	 3.14 	 0.07  	 	  	 	  	 	  	 	  	 	 
232 	 	  	 	  	 	  	 	 	 3.20 	 0.07  	 	  	 	  	 	  	 	  	 	 
233 	 	  	 	  	 	  	 	 	 3.16 	 0.07  	 	  	 	  	 	  	 	  	 	 
234 	 	  	 	  	 	  	 	 	 3.38 	 0.07  	 	  	 	  	 	  	 	  	 	 
235 	 	  	 	  	 	  	 	 	 3.50 	 0.08  	 	  	 	  	 	  	 	  	 	 
236 	 	  	 	  	 	  	 	 	 3.52 	 0.09  	 	  	 	  	 	  	 	  	 	 
237 	 	  	 	  	 	  	 	 	 3.27 	 0.08  	 	  	 	  	 	  	 	  	 	 
238 	 	  	 	  	 	  	 	 	 3.32 	 0.07  	 	  	 	  	 	  	 	  	 	 
239 	 	  	 	  	 	  	 	 	 3.38 	 0.08  	 	  	 	  	 	  	 	  	 	 
240 	 	  	 	  	 	  	 	 	 3.65 	 0.09  	 	  	 	  	 	  	 	  	 	 
241 	 	  	 	  	 	  	 	 	 3.69 	 0.09  	 	  	 	  	 	  	 	  	 	 
242 	 	  	 	  	 	  	 	 	 3.33 	 0.07  	 	  	 	  	 	  	 	  	 	 
243 	 	  	 	  	 	  	 	 	 3.49 	 0.08  	 	  	 	  	 	  	 	  	 	 
244 	 	  	 	  	 	  	 	 	 3.56 	 0.08  	 	  	 	  	 	  	 	  	 	 
245 	 	  	 	  	 	  	 	 	 3.67 	 0.09  	 	  	 	  	 	  	 	  	 	 
246 	 	  	 	  	 	  	 	 	 3.19 	 0.07  	 	  	 	  	 	  	 	  	 	 
247 	 	  	 	  	 	  	 	 	 2.83 	 0.06  	 	  	 	  	 	  	 	  	 	 
248 	 	  	 	  	 	  	 	 	 2.84 	 0.06  	 	  	 	  	 	  	 	  	 	 
249 	 	  	 	  	 	  	 	 	 2.94 	 0.07  	 	  	 	  	 	  	 	  	 	 
250 	 	  	 	  	 	  	 	 	 3.17 	 0.07  	 	  	 	  	 	  	 	  	 	 
251 	 	  	 	  	 	  	 	 	 2.92 	 0.06  	 	  	 	  	 	  	 	  	 	 
252 	 	  	 	  	 	  	 	 	 2.76 	 0.05  	 	  	 	  	 	  	 	  	 	 
